map,subject,opponents,completed,wins,losses,timeouts,missing
sapphireArchipelago,v9_archer,v5,4,0,0,4,0
sapphireArchipelago,v9_archer,v7,4,1,0,3,0
sapphireArchipelago,v9_archer,v8,4,0,0,4,0
sapphireArchipelago,v9_archer,v5+v7,2,0,0,2,2
sapphireArchipelago,v9_archer,v5+v8,0,0,0,0,4
sapphireArchipelago,v9_archer,v7+v8,0,0,0,0,4
sapphireArchipelago,v9_archer,v5+v5,0,0,0,0,4
sapphireArchipelago,v9_archer,v7+v7,0,0,0,0,4
sapphireArchipelago,v9_archer,v8+v8,0,0,0,0,4
sapphireArchipelago,v9_summoner,v5,4,0,0,4,0
sapphireArchipelago,v9_summoner,v7,4,0,0,4,0
sapphireArchipelago,v9_summoner,v8,4,0,0,4,0
sapphireArchipelago,v9_summoner,v5+v7,4,0,0,4,0
sapphireArchipelago,v9_summoner,v5+v8,0,0,0,0,4
sapphireArchipelago,v9_summoner,v7+v8,0,0,0,0,4
sapphireArchipelago,v9_summoner,v5+v5,0,0,0,0,4
sapphireArchipelago,v9_summoner,v7+v7,0,0,0,0,4
sapphireArchipelago,v9_summoner,v8+v8,0,0,0,0,4
sapphireArchipelago,v9_knight,v5,4,0,0,4,0
sapphireArchipelago,v9_knight,v7,4,0,0,4,0
sapphireArchipelago,v9_knight,v8,4,0,0,4,0
sapphireArchipelago,v9_knight,v5+v7,0,0,0,0,4
sapphireArchipelago,v9_knight,v5+v8,0,0,0,0,4
sapphireArchipelago,v9_knight,v7+v8,0,0,0,0,4
sapphireArchipelago,v9_knight,v5+v5,0,0,0,0,4
sapphireArchipelago,v9_knight,v7+v7,0,0,0,0,4
sapphireArchipelago,v9_knight,v8+v8,0,0,0,0,4
grandEstuary,v9_archer,v5,4,0,3,1,0
grandEstuary,v9_archer,v7,4,0,4,0,0
grandEstuary,v9_archer,v8,4,0,4,0,0
grandEstuary,v9_archer,v5+v7,4,0,4,0,0
grandEstuary,v9_archer,v5+v8,4,0,4,0,0
grandEstuary,v9_archer,v7+v8,4,0,4,0,0
grandEstuary,v9_archer,v5+v5,1,0,1,0,3
grandEstuary,v9_archer,v7+v7,0,0,0,0,4
grandEstuary,v9_archer,v8+v8,0,0,0,0,4
grandEstuary,v9_summoner,v5,4,4,0,0,0
grandEstuary,v9_summoner,v7,4,0,4,0,0
grandEstuary,v9_summoner,v8,4,4,0,0,0
grandEstuary,v9_summoner,v5+v7,4,0,4,0,0
grandEstuary,v9_summoner,v5+v8,4,0,4,0,0
grandEstuary,v9_summoner,v7+v8,4,0,4,0,0
grandEstuary,v9_summoner,v5+v5,4,2,2,0,0
grandEstuary,v9_summoner,v7+v7,4,0,4,0,0
grandEstuary,v9_summoner,v8+v8,4,0,4,0,0
grandEstuary,v9_knight,v5,4,4,0,0,0
grandEstuary,v9_knight,v7,4,2,2,0,0
grandEstuary,v9_knight,v8,4,1,3,0,0
grandEstuary,v9_knight,v5+v7,4,0,4,0,0
grandEstuary,v9_knight,v5+v8,4,0,3,1,0
grandEstuary,v9_knight,v7+v8,4,0,4,0,0
grandEstuary,v9_knight,v5+v5,0,0,0,0,4
grandEstuary,v9_knight,v7+v7,0,0,0,0,4
grandEstuary,v9_knight,v8+v8,0,0,0,0,4
brokenSea,v9_archer,v5,4,0,0,4,0
brokenSea,v9_archer,v7,4,1,0,3,0
brokenSea,v9_archer,v8,4,1,0,3,0
brokenSea,v9_archer,v5+v7,1,1,0,0,3
brokenSea,v9_archer,v5+v8,0,0,0,0,4
brokenSea,v9_archer,v7+v8,0,0,0,0,4
brokenSea,v9_archer,v5+v5,0,0,0,0,4
brokenSea,v9_archer,v7+v7,0,0,0,0,4
brokenSea,v9_archer,v8+v8,0,0,0,0,4
brokenSea,v9_summoner,v5,4,0,1,3,0
brokenSea,v9_summoner,v7,4,0,1,3,0
brokenSea,v9_summoner,v8,4,0,1,3,0
brokenSea,v9_summoner,v5+v7,0,0,0,0,4
brokenSea,v9_summoner,v5+v8,0,0,0,0,4
brokenSea,v9_summoner,v7+v8,0,0,0,0,4
brokenSea,v9_summoner,v5+v5,0,0,0,0,4
brokenSea,v9_summoner,v7+v7,0,0,0,0,4
brokenSea,v9_summoner,v8+v8,0,0,0,0,4
brokenSea,v9_knight,v5,4,0,1,3,0
brokenSea,v9_knight,v7,3,1,0,2,1
brokenSea,v9_knight,v8,2,0,0,2,2
brokenSea,v9_knight,v5+v7,1,0,1,0,3
brokenSea,v9_knight,v5+v8,0,0,0,0,4
brokenSea,v9_knight,v7+v8,0,0,0,0,4
brokenSea,v9_knight,v5+v5,0,0,0,0,4
brokenSea,v9_knight,v7+v7,0,0,0,0,4
brokenSea,v9_knight,v8+v8,0,0,0,0,4
templeSpring,v9_archer,v5,4,1,3,0,0
templeSpring,v9_archer,v7,4,0,4,0,0
templeSpring,v9_archer,v8,4,0,4,0,0
templeSpring,v9_archer,v5+v7,4,0,4,0,0
templeSpring,v9_archer,v5+v8,4,0,4,0,0
templeSpring,v9_archer,v7+v8,4,0,4,0,0
templeSpring,v9_archer,v5+v5,4,0,4,0,0
templeSpring,v9_archer,v7+v7,4,0,4,0,0
templeSpring,v9_archer,v8+v8,4,0,4,0,0
templeSpring,v9_summoner,v5,4,4,0,0,0
templeSpring,v9_summoner,v7,4,0,4,0,0
templeSpring,v9_summoner,v8,4,2,2,0,0
templeSpring,v9_summoner,v5+v7,4,1,3,0,0
templeSpring,v9_summoner,v5+v8,4,0,4,0,0
templeSpring,v9_summoner,v7+v8,4,0,4,0,0
templeSpring,v9_summoner,v5+v5,4,2,2,0,0
templeSpring,v9_summoner,v7+v7,4,0,4,0,0
templeSpring,v9_summoner,v8+v8,4,1,3,0,0
templeSpring,v9_knight,v5,4,4,0,0,0
templeSpring,v9_knight,v7,4,1,3,0,0
templeSpring,v9_knight,v8,4,2,2,0,0
templeSpring,v9_knight,v5+v7,4,1,3,0,0
templeSpring,v9_knight,v5+v8,4,2,2,0,0
templeSpring,v9_knight,v7+v8,4,0,4,0,0
templeSpring,v9_knight,v5+v5,4,4,0,0,0
templeSpring,v9_knight,v7+v7,4,0,4,0,0
templeSpring,v9_knight,v8+v8,4,0,4,0,0
turtleLake,v9_archer,v5,0,0,0,0,4
turtleLake,v9_archer,v7,0,0,0,0,4
turtleLake,v9_archer,v8,0,0,0,0,4
turtleLake,v9_archer,v5+v7,0,0,0,0,4
turtleLake,v9_archer,v5+v8,0,0,0,0,4
turtleLake,v9_archer,v7+v8,0,0,0,0,4
turtleLake,v9_archer,v5+v5,0,0,0,0,4
turtleLake,v9_archer,v7+v7,0,0,0,0,4
turtleLake,v9_archer,v8+v8,0,0,0,0,4
turtleLake,v9_summoner,v5,4,3,0,1,0
turtleLake,v9_summoner,v7,4,1,2,1,0
turtleLake,v9_summoner,v8,3,1,2,0,1
turtleLake,v9_summoner,v5+v7,0,0,0,0,4
turtleLake,v9_summoner,v5+v8,0,0,0,0,4
turtleLake,v9_summoner,v7+v8,0,0,0,0,4
turtleLake,v9_summoner,v5+v5,0,0,0,0,4
turtleLake,v9_summoner,v7+v7,0,0,0,0,4
turtleLake,v9_summoner,v8+v8,0,0,0,0,4
turtleLake,v9_knight,v5,4,4,0,0,0
turtleLake,v9_knight,v7,4,2,2,0,0
turtleLake,v9_knight,v8,2,1,1,0,2
turtleLake,v9_knight,v5+v7,0,0,0,0,4
turtleLake,v9_knight,v5+v8,0,0,0,0,4
turtleLake,v9_knight,v7+v8,0,0,0,0,4
turtleLake,v9_knight,v5+v5,0,0,0,0,4
turtleLake,v9_knight,v7+v7,0,0,0,0,4
turtleLake,v9_knight,v8+v8,0,0,0,0,4
elderwood,v9_archer,v5,0,0,0,0,4
elderwood,v9_archer,v7,0,0,0,0,4
elderwood,v9_archer,v8,0,0,0,0,4
elderwood,v9_archer,v5+v7,0,0,0,0,4
elderwood,v9_archer,v5+v8,0,0,0,0,4
elderwood,v9_archer,v7+v8,0,0,0,0,4
elderwood,v9_archer,v5+v5,0,0,0,0,4
elderwood,v9_archer,v7+v7,0,0,0,0,4
elderwood,v9_archer,v8+v8,0,0,0,0,4
elderwood,v9_summoner,v5,4,4,0,0,0
elderwood,v9_summoner,v7,4,2,1,1,0
elderwood,v9_summoner,v8,4,2,2,0,0
elderwood,v9_summoner,v5+v7,4,0,3,1,0
elderwood,v9_summoner,v5+v8,4,0,4,0,0
elderwood,v9_summoner,v7+v8,4,1,3,0,0
elderwood,v9_summoner,v5+v5,4,3,1,0,0
elderwood,v9_summoner,v7+v7,4,0,4,0,0
elderwood,v9_summoner,v8+v8,4,0,4,0,0
elderwood,v9_knight,v5,4,4,0,0,0
elderwood,v9_knight,v7,4,2,2,0,0
elderwood,v9_knight,v8,4,3,1,0,0
elderwood,v9_knight,v5+v7,4,0,4,0,0
elderwood,v9_knight,v5+v8,4,1,3,0,0
elderwood,v9_knight,v7+v8,4,0,4,0,0
elderwood,v9_knight,v5+v5,4,3,1,0,0
elderwood,v9_knight,v7+v7,4,0,4,0,0
elderwood,v9_knight,v8+v8,4,0,4,0,0
ringwater,v9_archer,v5,4,1,2,1,0
ringwater,v9_archer,v7,4,0,4,0,0
ringwater,v9_archer,v8,4,0,4,0,0
ringwater,v9_archer,v5+v7,4,0,4,0,0
ringwater,v9_archer,v5+v8,4,0,4,0,0
ringwater,v9_archer,v7+v8,4,0,4,0,0
ringwater,v9_archer,v5+v5,4,0,4,0,0
ringwater,v9_archer,v7+v7,4,0,4,0,0
ringwater,v9_archer,v8+v8,4,0,4,0,0
ringwater,v9_summoner,v5,4,4,0,0,0
ringwater,v9_summoner,v7,4,1,3,0,0
ringwater,v9_summoner,v8,4,1,3,0,0
ringwater,v9_summoner,v5+v7,4,0,4,0,0
ringwater,v9_summoner,v5+v8,4,0,3,1,0
ringwater,v9_summoner,v7+v8,4,0,4,0,0
ringwater,v9_summoner,v5+v5,4,4,0,0,0
ringwater,v9_summoner,v7+v7,4,0,4,0,0
ringwater,v9_summoner,v8+v8,4,0,4,0,0
ringwater,v9_knight,v5,4,4,0,0,0
ringwater,v9_knight,v7,3,2,1,0,1
ringwater,v9_knight,v8,4,2,2,0,0
ringwater,v9_knight,v5+v7,1,0,1,0,3
ringwater,v9_knight,v5+v8,0,0,0,0,4
ringwater,v9_knight,v7+v8,0,0,0,0,4
ringwater,v9_knight,v5+v5,0,0,0,0,4
ringwater,v9_knight,v7+v7,0,0,0,0,4
ringwater,v9_knight,v8+v8,0,0,0,0,4
loneMarket,v9_archer,v5,4,2,2,0,0
loneMarket,v9_archer,v7,4,1,3,0,0
loneMarket,v9_archer,v8,4,1,3,0,0
loneMarket,v9_archer,v5+v7,4,0,4,0,0
loneMarket,v9_archer,v5+v8,4,1,3,0,0
loneMarket,v9_archer,v7+v8,4,0,4,0,0
loneMarket,v9_archer,v5+v5,4,0,4,0,0
loneMarket,v9_archer,v7+v7,4,0,4,0,0
loneMarket,v9_archer,v8+v8,4,0,4,0,0
loneMarket,v9_summoner,v5,4,3,1,0,0
loneMarket,v9_summoner,v7,4,2,2,0,0
loneMarket,v9_summoner,v8,4,3,0,1,0
loneMarket,v9_summoner,v5+v7,4,2,1,1,0
loneMarket,v9_summoner,v5+v8,4,1,2,1,0
loneMarket,v9_summoner,v7+v8,4,0,4,0,0
loneMarket,v9_summoner,v5+v5,0,0,0,0,4
loneMarket,v9_summoner,v7+v7,0,0,0,0,4
loneMarket,v9_summoner,v8+v8,0,0,0,0,4
loneMarket,v9_knight,v5,4,3,1,0,0
loneMarket,v9_knight,v7,4,1,2,1,0
loneMarket,v9_knight,v8,4,2,2,0,0
loneMarket,v9_knight,v5+v7,4,0,4,0,0
loneMarket,v9_knight,v5+v8,4,0,4,0,0
loneMarket,v9_knight,v7+v8,3,0,3,0,1
loneMarket,v9_knight,v5+v5,0,0,0,0,4
loneMarket,v9_knight,v7+v7,0,0,0,0,4
loneMarket,v9_knight,v8+v8,0,0,0,0,4
reedwater,v9_archer,v5,4,2,1,1,0
reedwater,v9_archer,v7,4,0,3,1,0
reedwater,v9_archer,v8,4,0,4,0,0
reedwater,v9_archer,v5+v7,4,0,4,0,0
reedwater,v9_archer,v5+v8,4,0,4,0,0
reedwater,v9_archer,v7+v8,4,0,4,0,0
reedwater,v9_archer,v5+v5,3,0,3,0,1
reedwater,v9_archer,v7+v7,1,0,1,0,3
reedwater,v9_archer,v8+v8,0,0,0,0,4
reedwater,v9_summoner,v5,4,4,0,0,0
reedwater,v9_summoner,v7,4,1,3,0,0
reedwater,v9_summoner,v8,4,4,0,0,0
reedwater,v9_summoner,v5+v7,4,0,4,0,0
reedwater,v9_summoner,v5+v8,4,3,0,1,0
reedwater,v9_summoner,v7+v8,4,0,4,0,0
reedwater,v9_summoner,v5+v5,4,2,2,0,0
reedwater,v9_summoner,v7+v7,4,0,3,1,0
reedwater,v9_summoner,v8+v8,4,1,2,1,0
reedwater,v9_knight,v5,4,4,0,0,0
reedwater,v9_knight,v7,4,1,3,0,0
reedwater,v9_knight,v8,4,3,1,0,0
reedwater,v9_knight,v5+v7,4,0,4,0,0
reedwater,v9_knight,v5+v8,4,0,4,0,0
reedwater,v9_knight,v7+v8,4,0,4,0,0
reedwater,v9_knight,v5+v5,4,1,2,1,0
reedwater,v9_knight,v7+v7,4,0,4,0,0
reedwater,v9_knight,v8+v8,4,0,4,0,0
veiledHill,v9_archer,v5,1,0,1,0,3
veiledHill,v9_archer,v7,0,0,0,0,4
veiledHill,v9_archer,v8,0,0,0,0,4
veiledHill,v9_archer,v5+v7,0,0,0,0,4
veiledHill,v9_archer,v5+v8,0,0,0,0,4
veiledHill,v9_archer,v7+v8,0,0,0,0,4
veiledHill,v9_archer,v5+v5,0,0,0,0,4
veiledHill,v9_archer,v7+v7,0,0,0,0,4
veiledHill,v9_archer,v8+v8,0,0,0,0,4
veiledHill,v9_summoner,v5,1,1,0,0,3
veiledHill,v9_summoner,v7,0,0,0,0,4
veiledHill,v9_summoner,v8,0,0,0,0,4
veiledHill,v9_summoner,v5+v7,0,0,0,0,4
veiledHill,v9_summoner,v5+v8,0,0,0,0,4
veiledHill,v9_summoner,v7+v8,0,0,0,0,4
veiledHill,v9_summoner,v5+v5,0,0,0,0,4
veiledHill,v9_summoner,v7+v7,0,0,0,0,4
veiledHill,v9_summoner,v8+v8,0,0,0,0,4
veiledHill,v9_knight,v5,4,4,0,0,0
veiledHill,v9_knight,v7,4,3,0,1,0
veiledHill,v9_knight,v8,4,2,1,1,0
veiledHill,v9_knight,v5+v7,4,0,4,0,0
veiledHill,v9_knight,v5+v8,4,1,3,0,0
veiledHill,v9_knight,v7+v8,4,0,2,2,0
veiledHill,v9_knight,v5+v5,4,2,2,0,0
veiledHill,v9_knight,v7+v7,4,0,4,0,0
veiledHill,v9_knight,v8+v8,4,0,2,2,0
greystonePass,v9_archer,v5,4,4,0,0,0
greystonePass,v9_archer,v7,4,0,3,1,0
greystonePass,v9_archer,v8,4,0,4,0,0
greystonePass,v9_archer,v5+v7,4,0,4,0,0
greystonePass,v9_archer,v5+v8,4,0,4,0,0
greystonePass,v9_archer,v7+v8,4,0,4,0,0
greystonePass,v9_archer,v5+v5,4,0,4,0,0
greystonePass,v9_archer,v7+v7,4,0,4,0,0
greystonePass,v9_archer,v8+v8,4,0,4,0,0
greystonePass,v9_summoner,v5,4,3,0,1,0
greystonePass,v9_summoner,v7,4,1,1,2,0
greystonePass,v9_summoner,v8,4,2,0,2,0
greystonePass,v9_summoner,v5+v7,4,0,3,1,0
greystonePass,v9_summoner,v5+v8,4,0,4,0,0
greystonePass,v9_summoner,v7+v8,4,0,4,0,0
greystonePass,v9_summoner,v5+v5,4,2,2,0,0
greystonePass,v9_summoner,v7+v7,4,1,3,0,0
greystonePass,v9_summoner,v8+v8,4,0,2,2,0
greystonePass,v9_knight,v5,4,4,0,0,0
greystonePass,v9_knight,v7,4,1,2,1,0
greystonePass,v9_knight,v8,4,1,2,1,0
greystonePass,v9_knight,v5+v7,4,0,4,0,0
greystonePass,v9_knight,v5+v8,4,0,3,1,0
greystonePass,v9_knight,v7+v8,4,0,4,0,0
greystonePass,v9_knight,v5+v5,4,2,2,0,0
greystonePass,v9_knight,v7+v7,4,0,4,0,0
greystonePass,v9_knight,v8+v8,4,0,4,0,0
pineshade,v9_archer,v5,0,0,0,0,4
pineshade,v9_archer,v7,0,0,0,0,4
pineshade,v9_archer,v8,0,0,0,0,4
pineshade,v9_archer,v5+v7,0,0,0,0,4
pineshade,v9_archer,v5+v8,0,0,0,0,4
pineshade,v9_archer,v7+v8,0,0,0,0,4
pineshade,v9_archer,v5+v5,0,0,0,0,4
pineshade,v9_archer,v7+v7,0,0,0,0,4
pineshade,v9_archer,v8+v8,0,0,0,0,4
pineshade,v9_summoner,v5,4,4,0,0,0
pineshade,v9_summoner,v7,4,1,3,0,0
pineshade,v9_summoner,v8,4,2,1,1,0
pineshade,v9_summoner,v5+v7,1,0,1,0,3
pineshade,v9_summoner,v5+v8,0,0,0,0,4
pineshade,v9_summoner,v7+v8,0,0,0,0,4
pineshade,v9_summoner,v5+v5,0,0,0,0,4
pineshade,v9_summoner,v7+v7,0,0,0,0,4
pineshade,v9_summoner,v8+v8,0,0,0,0,4
pineshade,v9_knight,v5,4,4,0,0,0
pineshade,v9_knight,v7,4,0,3,1,0
pineshade,v9_knight,v8,4,3,1,0,0
pineshade,v9_knight,v5+v7,4,1,3,0,0
pineshade,v9_knight,v5+v8,4,0,4,0,0
pineshade,v9_knight,v7+v8,4,0,4,0,0
pineshade,v9_knight,v5+v5,4,4,0,0,0
pineshade,v9_knight,v7+v7,4,0,4,0,0
pineshade,v9_knight,v8+v8,4,0,4,0,0
gullIsland,v9_archer,v5,4,3,1,0,0
gullIsland,v9_archer,v7,4,0,4,0,0
gullIsland,v9_archer,v8,4,0,4,0,0
gullIsland,v9_archer,v5+v7,4,1,3,0,0
gullIsland,v9_archer,v5+v8,4,1,3,0,0
gullIsland,v9_archer,v7+v8,4,0,3,1,0
gullIsland,v9_archer,v5+v5,4,2,2,0,0
gullIsland,v9_archer,v7+v7,2,0,1,1,2
gullIsland,v9_archer,v8+v8,2,1,1,0,2
gullIsland,v9_summoner,v5,4,4,0,0,0
gullIsland,v9_summoner,v7,4,2,1,1,0
gullIsland,v9_summoner,v8,3,3,0,0,1
gullIsland,v9_summoner,v5+v7,0,0,0,0,4
gullIsland,v9_summoner,v5+v8,0,0,0,0,4
gullIsland,v9_summoner,v7+v8,0,0,0,0,4
gullIsland,v9_summoner,v5+v5,0,0,0,0,4
gullIsland,v9_summoner,v7+v7,0,0,0,0,4
gullIsland,v9_summoner,v8+v8,0,0,0,0,4
gullIsland,v9_knight,v5,4,3,1,0,0
gullIsland,v9_knight,v7,4,1,3,0,0
gullIsland,v9_knight,v8,4,1,1,2,0
gullIsland,v9_knight,v5+v7,3,0,3,0,1
gullIsland,v9_knight,v5+v8,4,0,3,1,0
gullIsland,v9_knight,v7+v8,3,0,3,0,1
gullIsland,v9_knight,v5+v5,1,1,0,0,3
gullIsland,v9_knight,v7+v7,0,0,0,0,4
gullIsland,v9_knight,v8+v8,0,0,0,0,4
stillwater,v9_archer,v5,0,0,0,0,4
stillwater,v9_archer,v7,0,0,0,0,4
stillwater,v9_archer,v8,0,0,0,0,4
stillwater,v9_archer,v5+v7,0,0,0,0,4
stillwater,v9_archer,v5+v8,0,0,0,0,4
stillwater,v9_archer,v7+v8,0,0,0,0,4
stillwater,v9_archer,v5+v5,0,0,0,0,4
stillwater,v9_archer,v7+v7,0,0,0,0,4
stillwater,v9_archer,v8+v8,0,0,0,0,4
stillwater,v9_summoner,v5,4,4,0,0,0
stillwater,v9_summoner,v7,4,1,3,0,0
stillwater,v9_summoner,v8,4,2,1,1,0
stillwater,v9_summoner,v5+v7,0,0,0,0,4
stillwater,v9_summoner,v5+v8,0,0,0,0,4
stillwater,v9_summoner,v7+v8,0,0,0,0,4
stillwater,v9_summoner,v5+v5,0,0,0,0,4
stillwater,v9_summoner,v7+v7,0,0,0,0,4
stillwater,v9_summoner,v8+v8,0,0,0,0,4
stillwater,v9_knight,v5,4,4,0,0,0
stillwater,v9_knight,v7,4,0,3,1,0
stillwater,v9_knight,v8,4,2,2,0,0
stillwater,v9_knight,v5+v7,0,0,0,0,4
stillwater,v9_knight,v5+v8,0,0,0,0,4
stillwater,v9_knight,v7+v8,0,0,0,0,4
stillwater,v9_knight,v5+v5,0,0,0,0,4
stillwater,v9_knight,v7+v7,0,0,0,0,4
stillwater,v9_knight,v8+v8,0,0,0,0,4
twoShores,v9_archer,v5,0,0,0,0,4
twoShores,v9_archer,v7,0,0,0,0,4
twoShores,v9_archer,v8,0,0,0,0,4
twoShores,v9_archer,v5+v7,0,0,0,0,4
twoShores,v9_archer,v5+v8,0,0,0,0,4
twoShores,v9_archer,v7+v8,0,0,0,0,4
twoShores,v9_archer,v5+v5,0,0,0,0,4
twoShores,v9_archer,v7+v7,0,0,0,0,4
twoShores,v9_archer,v8+v8,0,0,0,0,4
twoShores,v9_summoner,v5,0,0,0,0,4
twoShores,v9_summoner,v7,0,0,0,0,4
twoShores,v9_summoner,v8,0,0,0,0,4
twoShores,v9_summoner,v5+v7,0,0,0,0,4
twoShores,v9_summoner,v5+v8,0,0,0,0,4
twoShores,v9_summoner,v7+v8,0,0,0,0,4
twoShores,v9_summoner,v5+v5,0,0,0,0,4
twoShores,v9_summoner,v7+v7,0,0,0,0,4
twoShores,v9_summoner,v8+v8,0,0,0,0,4
twoShores,v9_knight,v5,4,3,1,0,0
twoShores,v9_knight,v7,4,1,2,1,0
twoShores,v9_knight,v8,4,1,2,1,0
twoShores,v9_knight,v5+v7,4,1,1,2,0
twoShores,v9_knight,v5+v8,4,3,0,1,0
twoShores,v9_knight,v7+v8,4,0,3,1,0
twoShores,v9_knight,v5+v5,4,4,0,0,0
twoShores,v9_knight,v7+v7,1,0,1,0,3
twoShores,v9_knight,v8+v8,0,0,0,0,4
