cohort,map,subject,opponents,race,side,winner,tick,timeout
knight-transfer-control,pineshade,v9_knight,v5,ember,1,p0,16654,false
knight-transfer-control,pineshade,v9_knight,v7,ember,1,p1,27645,false
knight-transfer-control,pineshade,v9_knight,v8,ember,1,p0,18480,false
knight-transfer-control,pineshade,v9_knight,v5+v7,ember,1,p1,41527,false
knight-transfer-control,pineshade,v9_knight,v8+v8,ember,1,p1,30297,false
knight-transfer-control,templeSpring,v9_knight,v5,ember,1,p0,7024,false
knight-transfer-control,templeSpring,v9_knight,v7,ember,1,p1,40198,false
knight-transfer-control,templeSpring,v9_knight,v8,ember,1,p0,22030,false
knight-transfer-control,templeSpring,v9_knight,v5+v7,ember,1,p1,17597,false
knight-transfer-control,templeSpring,v9_knight,v8+v8,ember,1,p1,18260,false
knight-transfer-control,greystonePass,v9_knight,v5,ember,1,p0,27914,false
knight-transfer-control,greystonePass,v9_knight,v7,ember,1,timeout,48000,true
knight-transfer-control,greystonePass,v9_knight,v8,ember,1,p1,21076,false
knight-transfer-control,greystonePass,v9_knight,v5+v7,ember,1,p1,17864,false
knight-transfer-control,greystonePass,v9_knight,v8+v8,ember,1,p1,7551,false
knight-transfer-control,loneMarket,v9_knight,v5,ember,1,p0,14391,false
knight-transfer-control,loneMarket,v9_knight,v7,ember,1,p1,38728,false
knight-transfer-control,loneMarket,v9_knight,v8,ember,1,p1,27162,false
knight-transfer-control,loneMarket,v9_knight,v5+v7,ember,1,p1,25522,false
knight-transfer-control,loneMarket,v9_knight,v8+v8,ember,1,timeout,48000,true
knight-transfer,pineshade,v9_knight,v5,ember,1,p0,17603,false
knight-transfer,pineshade,v9_knight,v7,ember,1,p0,12495,false
knight-transfer,pineshade,v9_knight,v8,ember,1,p0,25056,false
knight-transfer,pineshade,v9_knight,v5+v7,ember,1,p1,15286,false
knight-transfer,pineshade,v9_knight,v8+v8,ember,1,p1,14581,false
knight-transfer,templeSpring,v9_knight,v5,ember,1,p0,5676,false
knight-transfer,templeSpring,v9_knight,v7,ember,1,p0,22183,false
knight-transfer,templeSpring,v9_knight,v8,ember,1,p0,21098,false
knight-transfer,templeSpring,v9_knight,v5+v7,ember,1,p2,24429,false
knight-transfer,templeSpring,v9_knight,v8+v8,ember,1,p1,16992,false
knight-transfer,greystonePass,v9_knight,v5,ember,1,p0,20824,false
knight-transfer,greystonePass,v9_knight,v7,ember,1,timeout,48000,true
knight-transfer,greystonePass,v9_knight,v8,ember,1,p0,22058,false
knight-transfer,greystonePass,v9_knight,v5+v7,ember,1,p1,10294,false
knight-transfer,greystonePass,v9_knight,v8+v8,ember,1,p1,15665,false
knight-transfer,loneMarket,v9_knight,v5,ember,1,p0,13634,false
knight-transfer,loneMarket,v9_knight,v7,ember,1,p0,36074,false
knight-transfer,loneMarket,v9_knight,v8,ember,1,p0,28483,false
knight-transfer,loneMarket,v9_knight,v5+v7,ember,1,p1,23770,false
knight-transfer,loneMarket,v9_knight,v8+v8,ember,1,p1,13552,false
archer-front,templeSpring,v9_archer,v7,grove,0,p1,27441,false
archer-front,templeSpring,v9_archer,v8,grove,0,p1,46537,false
archer-front,templeSpring,v9_archer,v5+v7,grove,0,p2,21464,false
archer-front,templeSpring,v9_archer,v8+v8,grove,0,p1,24731,false
archer-front,pineshade,v9_archer,v7,grove,0,p0,10423,false
archer-front,pineshade,v9_archer,v8,grove,0,p0,11639,false
archer-front,pineshade,v9_archer,v5+v7,grove,0,p1,18931,false
archer-front,pineshade,v9_archer,v8+v8,grove,0,p0,28521,false
archer-transfer,greystonePass,v9_archer,v7,ember,1,p1,46035,false
archer-transfer,greystonePass,v9_archer,v8,ember,1,p1,12093,false
archer-transfer,greystonePass,v9_archer,v5+v7,ember,1,p1,18348,false
archer-transfer,greystonePass,v9_archer,v8+v8,ember,1,p1,13450,false
archer-transfer,loneMarket,v9_archer,v7,ember,1,p1,31741,false
archer-transfer,loneMarket,v9_archer,v8,ember,1,p1,43158,false
archer-transfer,loneMarket,v9_archer,v5+v7,ember,1,p1,24889,false
archer-transfer,loneMarket,v9_archer,v8+v8,ember,1,p1,15956,false
spare-repair-pilot,templeSpring,v9_archer,v5+v7,grove,0,p2,21020,false
spare-repair-pilot,templeSpring,v9_archer,v8+v8,grove,0,p1,23647,false
spare-repair-pilot,templeSpring,v9_summoner,v5+v7,grove,0,p0,30489,false
spare-repair-pilot,templeSpring,v9_summoner,v8+v8,grove,0,p1,13805,false
spare-repair-pilot,templeSpring,v9_knight,v5+v7,grove,0,p0,19204,false
spare-repair-pilot,templeSpring,v9_knight,v8+v8,grove,0,p0,33984,false
spare-repair-pilot,pineshade,v9_archer,v5+v7,grove,0,p1,22641,false
spare-repair-pilot,pineshade,v9_archer,v8+v8,grove,0,p0,28521,false
spare-repair-pilot,pineshade,v9_summoner,v5+v7,grove,0,p0,44554,false
spare-repair-pilot,pineshade,v9_summoner,v8+v8,grove,0,p0,33878,false
spare-repair-pilot,pineshade,v9_knight,v5+v7,grove,0,p1,25209,false
spare-repair-pilot,pineshade,v9_knight,v8+v8,grove,0,p0,26632,false
standing-front,greystonePass,v9_archer,v7,ember,1,p1,37528,false
standing-front,greystonePass,v9_archer,v8,ember,1,p1,12093,false
standing-front,greystonePass,v9_archer,v5+v7,ember,1,p1,19646,false
standing-front,greystonePass,v9_archer,v8+v8,ember,1,p1,13670,false
standing-front,loneMarket,v9_archer,v7,ember,1,p0,34069,false
standing-front,loneMarket,v9_archer,v8,ember,1,p1,44233,false
standing-front,loneMarket,v9_archer,v5+v7,ember,1,p1,22147,false
standing-front,loneMarket,v9_archer,v8+v8,ember,1,p1,13946,false
development-generated,templeSpring,v9_summoner,v5+v7,grove,0,p1,16786,false
development-generated,templeSpring,v9_summoner,v8+v8,grove,0,timeout,48000,true
development-generated,templeSpring,v9_knight,v5+v7,grove,0,p1,16676,false
development-generated,templeSpring,v9_knight,v8+v8,grove,0,p1,17932,false
development-generated,pineshade,v9_summoner,v5+v7,grove,0,p0,27672,false
development-generated,pineshade,v9_summoner,v8+v8,grove,0,p1,39636,false
development-generated,pineshade,v9_knight,v5+v7,grove,0,p0,33250,false
development-generated,pineshade,v9_knight,v8+v8,grove,0,p1,21245,false
