map,workers,old_distance,new_distance,old_gold_per_minute,new_gold_per_minute,old_average_moving,new_average_moving,new_mined,new_carried,new_banked,new_delivery_workers
bareDuel,1,140,288,100,90,0.15,0.87,130,0,130,1
bareDuel,2,140,288,200,180,0.49,1.72,260,0,260,2
bareDuel,3,140,288,270,260,1.17,2.58,390,10,380,3
bareDuel,4,140,288,330,350,2.08,3.45,520,20,500,4
bareDuel,5,140,288,370,400,3.08,3.84,580,20,560,5
bareDuel,6,140,288,360,400,3.11,3.85,580,20,560,6
bareDuel,7,140,288,370,400,3.21,3.85,580,20,560,7
bareDuel,8,140,288,360,400,3.3,3.84,580,20,560,8
sapphireArchipelago,1,176,288,80,90,0.27,0.87,130,0,130,1
sapphireArchipelago,2,176,288,170,180,0.56,1.72,260,0,260,2
sapphireArchipelago,3,176,288,260,260,0.86,2.58,390,10,380,3
sapphireArchipelago,4,176,288,340,350,1.13,3.45,520,20,500,4
sapphireArchipelago,5,176,288,370,400,1.25,3.84,580,20,560,5
sapphireArchipelago,6,176,288,370,400,1.25,3.85,580,20,560,6
sapphireArchipelago,7,176,288,370,400,1.25,3.85,580,20,560,7
sapphireArchipelago,8,176,288,370,400,1.25,3.84,580,20,560,8
grandEstuary,1,159,288,90,90,0.23,0.86,130,0,130,1
grandEstuary,2,159,288,180,180,0.46,1.73,260,10,250,2
grandEstuary,3,159,288,270,270,0.68,2.6,390,20,370,3
grandEstuary,4,159,288,360,360,0.91,3.46,510,20,490,4
grandEstuary,5,159,288,380,400,0.94,3.87,560,20,540,5
grandEstuary,6,159,288,380,400,0.94,3.87,560,20,540,6
grandEstuary,7,159,288,380,400,0.94,3.87,560,20,540,7
grandEstuary,8,159,288,380,400,0.94,3.87,560,20,540,8
brokenSea,1,170,288,80,90,0.25,0.87,130,0,130,1
brokenSea,2,170,288,170,180,0.52,1.72,260,0,260,2
brokenSea,3,170,288,260,260,0.81,2.58,390,10,380,3
brokenSea,4,170,288,350,350,1.08,3.45,520,20,500,4
brokenSea,5,170,288,370,400,1.16,3.84,580,20,560,5
brokenSea,6,170,288,370,400,1.16,3.85,580,20,560,6
brokenSea,7,170,288,370,400,1.16,3.85,580,20,560,7
brokenSea,8,170,288,370,400,1.16,3.84,580,20,560,8
templeSpring,1,243,288,70,90,0.49,0.86,130,10,120,1
templeSpring,2,243,288,130,180,0.96,1.73,260,20,240,2
templeSpring,3,243,288,190,270,1.41,2.61,380,20,360,3
templeSpring,4,243,288,250,360,1.85,3.47,500,20,480,4
templeSpring,5,243,288,310,400,2.3,3.93,560,20,540,5
templeSpring,6,243,288,310,400,2.3,3.93,560,20,540,6
templeSpring,7,243,288,310,400,2.3,3.93,560,20,540,7
templeSpring,8,243,288,310,400,2.3,3.93,560,20,540,8
turtleLake,1,230,288,70,90,0.49,0.88,120,0,120,1
turtleLake,2,230,288,140,170,0.98,1.76,240,10,230,2
turtleLake,3,230,288,200,250,1.45,2.63,360,20,340,3
turtleLake,4,230,288,260,330,1.9,3.5,470,20,450,4
turtleLake,5,230,288,320,400,2.35,4.29,570,20,550,5
turtleLake,6,230,288,320,400,2.35,4.28,570,20,550,6
turtleLake,7,230,288,320,400,2.34,4.28,570,20,550,7
turtleLake,8,230,288,320,400,2.34,4.29,570,20,550,8
elderwood,1,229,288,60,90,0.48,0.88,120,0,120,1
elderwood,2,229,288,130,170,0.97,1.76,240,10,230,2
elderwood,3,229,288,190,250,1.43,2.63,360,20,340,3
elderwood,4,229,288,250,330,1.88,3.5,470,20,450,4
elderwood,5,229,288,310,400,2.33,4.27,570,20,550,5
elderwood,6,229,288,310,400,2.33,4.27,570,20,550,6
elderwood,7,229,288,310,400,2.32,4.27,570,20,550,7
elderwood,8,229,288,310,400,2.32,4.27,570,20,550,8
ringwater,1,231,288,60,90,0.45,0.88,120,0,120,1
ringwater,2,231,288,130,180,0.93,1.76,240,0,240,2
ringwater,3,231,288,200,260,1.4,2.63,360,10,350,3
ringwater,4,231,288,260,340,1.85,3.5,480,20,460,4
ringwater,5,231,288,320,400,2.26,4.13,570,20,550,5
ringwater,6,231,288,320,400,2.27,4.14,570,20,550,6
ringwater,7,231,288,320,400,2.27,4.14,570,20,550,7
ringwater,8,231,288,320,400,2.27,4.14,570,20,550,8
loneMarket,1,231,288,70,90,0.49,0.88,120,0,120,1
loneMarket,2,231,288,140,170,0.97,1.75,240,10,230,2
loneMarket,3,231,288,200,250,1.44,2.62,360,20,340,3
loneMarket,4,231,288,260,330,1.89,3.49,470,20,450,4
loneMarket,5,231,288,320,400,2.33,4.25,570,20,550,5
loneMarket,6,231,288,320,400,2.34,4.26,570,20,550,6
loneMarket,7,231,288,320,400,2.34,4.26,570,20,550,7
loneMarket,8,231,288,320,400,2.33,4.26,570,20,550,8
reedwater,1,242,288,70,80,0.48,0.87,130,10,120,1
reedwater,2,242,288,140,170,0.96,1.73,260,20,240,2
reedwater,3,242,288,200,260,1.43,2.61,380,20,360,3
reedwater,4,242,288,260,350,1.86,3.47,500,20,480,4
reedwater,5,242,288,320,400,2.29,3.93,560,20,540,5
reedwater,6,242,288,320,400,2.29,3.93,560,20,540,6
reedwater,7,242,288,320,400,2.29,3.93,560,20,540,7
reedwater,8,242,288,320,400,2.29,3.93,560,20,540,8
veiledHill,1,228,288,60,80,0.42,0.87,130,10,120,1
veiledHill,2,228,288,130,170,0.87,1.74,250,10,240,2
veiledHill,3,228,288,200,260,1.35,2.6,370,10,360,3
veiledHill,4,228,288,270,350,1.81,3.46,490,10,480,4
veiledHill,5,228,288,330,400,2.25,4.04,570,20,550,5
veiledHill,6,228,288,330,400,2.25,4.04,570,20,550,6
veiledHill,7,228,288,330,400,2.25,4.04,570,20,550,7
veiledHill,8,228,288,330,400,2.25,4.04,570,20,550,8
greystonePass,1,224,288,60,90,0.41,0.86,130,0,130,1
greystonePass,2,224,288,120,170,0.82,1.73,260,10,250,2
greystonePass,3,224,288,190,260,1.27,2.59,380,10,370,3
greystonePass,4,224,288,260,350,1.72,3.46,500,10,490,4
greystonePass,5,224,288,330,400,2.17,3.95,580,20,560,5
greystonePass,6,224,288,330,400,2.17,3.96,580,20,560,6
greystonePass,7,224,288,330,400,2.17,3.95,580,20,560,7
greystonePass,8,224,288,330,400,2.17,3.95,580,20,560,8
pineshade,1,233,288,70,90,0.47,0.88,120,0,120,1
pineshade,2,233,288,140,180,0.95,1.76,240,0,240,2
pineshade,3,233,288,200,260,1.4,2.62,360,10,350,3
pineshade,4,233,288,260,340,1.83,3.49,480,20,460,4
pineshade,5,233,288,320,400,2.27,4.09,560,20,540,5
pineshade,6,233,288,320,400,2.27,4.09,560,20,540,6
pineshade,7,233,288,320,400,2.27,4.08,560,20,540,7
pineshade,8,233,288,320,400,2.27,4.09,560,20,540,8
gullIsland,1,228,288,60,90,0.46,0.88,120,0,120,1
gullIsland,2,228,288,130,180,0.94,1.76,240,0,240,2
gullIsland,3,228,288,200,250,1.41,2.64,360,10,350,3
gullIsland,4,228,288,260,320,1.86,3.48,480,30,450,4
gullIsland,5,228,288,320,400,2.28,4.21,570,20,550,5
gullIsland,6,228,288,320,400,2.28,4.21,570,20,550,6
gullIsland,7,228,288,320,400,2.28,4.21,570,20,550,7
gullIsland,8,228,288,320,400,2.28,4.21,570,20,550,8
stillwater,1,236,288,70,90,0.49,0.88,120,0,120,1
stillwater,2,236,288,130,170,0.95,1.74,240,10,230,2
stillwater,3,236,288,190,250,1.4,2.59,360,20,340,3
stillwater,4,236,288,250,330,1.85,3.47,470,20,450,4
stillwater,5,236,288,310,400,2.32,4.17,560,20,540,5
stillwater,6,236,288,310,400,2.32,4.18,560,20,540,6
stillwater,7,236,288,310,400,2.32,4.18,560,20,540,7
stillwater,8,236,288,310,400,2.32,4.17,560,20,540,8
twoShores,1,215,288,70,90,0.43,0.88,120,0,120,1
twoShores,2,215,288,140,170,0.88,1.74,240,10,230,2
twoShores,3,215,288,210,250,1.32,2.61,360,20,340,3
twoShores,4,215,288,280,330,1.75,3.49,470,20,450,4
twoShores,5,215,288,340,400,2.16,4.19,560,20,540,5
twoShores,6,215,288,340,400,2.16,4.19,560,20,540,6
twoShores,7,215,288,340,400,2.16,4.18,560,20,540,7
twoShores,8,215,288,340,400,2.16,4.18,560,20,540,8
